F;;LAPORAN PEMBELIAN DETAIL;;;;;;PERIODE : 01/07/26 - 31/07/26;;;;
;;INSPIRASI MEDIA KREATIF;;;;;; - ;;;;
;;;;;;;; - ;;;;
;;JL. TUKAD BATANGHARI XI NO 2;;;;;;NGY;;;;
;;0361-4783465;;;;;;;;;;
;;-;;;;;;;;;;
 ;;;;;;;;;;;;
No Transaksi;;Tanggal;;Dept.;Kode Supp.;Nama Supplier;;;;;;
 ;;;;;;;;;;;;
 ;;;;;;;;;;;;
BL-000001566-26;;01/07/2026;;NGY;SP0046;MARGO TANI;;;;;;
No.;Kd. Item;Nama Item;;;;;Jml;Satuan;Harga;Pot. %;Total;
1;0000514-2;GABAH MERAH 25 KG;;;;;30;@25 Kg;257.500;0;7.725.000;
2;0000514-1;GABAH MERAH 50 KG;;;;;15;BAL;515.000;0;7.725.000;
3;0000529-1;JAGUNG MENIR 25 KG;;;;;40;SAK;240.000;0;9.600.000;
4;539;JAGUNG HIBRIDA 50 KG;;;;;50;BAL;335.000;0;16.750.000;
5;0000511-1;JAGUNG PECAH 50 KG;;;;;80;BAL;375.000;0;30.000.000;
;;;;;; ;;;;;;
;;;;;;;215;;;;71.800.000;
Pot. :;0;;Pajak :;0;;Biaya :;0;;Total Akhir :;71.800.000;;
 ;;;;;;;;;;;;
BL-000001570-26;;01/07/2026;;NGY;SP0029;RAMA SINDO MULYA, CV;;;;;;
No.;Kd. Item;Nama Item;;;;;Jml;Satuan;Harga;Pot. %;Total;
1;000031-1;511 BRAVO (50 KG);;;;;180;BAL;457.500;0;82.350.000;
;;;;;; ;;;;;;
;;;;;;;180;;;;82.350.000;
Pot. :;0;;Pajak :;0;;Biaya :;0;;Total Akhir :;82.350.000;;
 ;;;;;;;;;;;;
BL-000001571-26;;01/07/2026;;NGY;SP0541;CV CAHAYA TIMUR;;;;;;
No.;Kd. Item;Nama Item;;;;;Jml;Satuan;Harga;Pot. %;Total;
1;GENTA GT-1 (50 KG);GENTA GT-1 (50 KG);;;;;100;BAL;360.000;0;36.000.000;
2;462;BR21E (50 KG);;;;;50;BAL;407.500;0;20.375.000;
3;468;GD-21 (50 KG);;;;;50;BAL;370.000;0;18.500.000;
;;;;;; ;;;;;;
;;;;;;;200;;;;74.875.000;
Pot. :;0;;Pajak :;0;;Biaya :;0;;Total Akhir :;74.875.000;;
 ;;;;;;;;;;;;
BL-000001573-26;;01/07/2026;;NGY;SP0116;UNIVERSAL AGRI BISNISINDO, PT.(IKAN);;;;;;
No.;Kd. Item;Nama Item;;;;;Jml;Satuan;Harga;Pot. %;Total;
1;SAFIR-2;SAFIR 2 (30 KG);;;;;70;BAL;345.000;0;24.150.000;
2;SAFIR-3;SAFIR 3 (30 KG);;;;;160;BAL;343.500;0;54.960.000;
3;RHG-3;RUBY HG-3 (30 KG);;;;;40;BAL;295.500;0;11.820.000;
;;;;;; ;;;;;;
;;;;;;;270;;;;90.930.000;
Pot. :;0;;Pajak :;0;;Biaya :;0;;Total Akhir :;90.930.000;;
 ;;;;;;;;;;;;
BL-000001577-26;;02/07/2026;;NGY;SP0496;SURABAYA GRAIN, PT.;;;;;;
No.;Kd. Item;Nama Item;;;;;Jml;Satuan;Harga;Pot. %;Total;
1;0000519-5;MILET PUTIH VITA MULTIPET 25 KG;;;;;40;SAK;232.500;0;9.300.000;
2;0000520-4;MILET MERAH VITA MULTIPET 25 KG;;;;;70;SAK;287.500;0;20.125.000;
3;000059-3;CANARY SEED VITA MULTIPET 25 KG;;;;;60;SAK;335.000;0;20.100.000;
;;;;;; ;;;;;;
;;;;;;;170;;;;49.525.000;
Pot. :;0;;Pajak :;0;;Biaya :;0;;Total Akhir :;49.525.000;;
 ;;;;;;;;;;;;
BL-000001578-26;;02/07/2026;;NGY;SP0038;MITRA TANAMAS PT. (TOP GUN);;;;;;
No.;Kd. Item;Nama Item;;;;;Jml;Satuan;Harga;Pot. %;Total;
1;7248;SPRAYER TOPGUN APEL 300 ml (60);;;;;600;PCS;9.300;0;5.580.000;
2;7250;SPRAYER TOPGUN 500 ML (60);;;;;300;PCS;10.000;0;3.000.000;
3;7249;SPRAYER TOPGUN 800 ML (36);;;;;180;PCS;11.000;0;1.980.000;
4;7244;BOTOL AIR TOPGUN K (72);;;;;360;PCS;4.500;0;1.620.000;
5;7243;BOTOL AIR TOPGUN B (48);;;;;720;PCS;5.000;0;3.600.000;
;;;;;; ;;;;;;
;;;;;;;2.160;;;;15.780.000;
Pot. :;0;;Pajak :;0;;Biaya :;0;;Total Akhir :;15.780.000;;
 ;;;;;;;;;;;;
BL-000001579-26;;02/07/2026;;NGY;SP0496;SURABAYA GRAIN, PT.;;;;;;
No.;Kd. Item;Nama Item;;;;;Jml;Satuan;Harga;Pot. %;Total;
1;0000519-5;MILET PUTIH VITA MULTIPET 25 KG;;;;;170;SAK;232.500;0;39.525.000;
;;;;;; ;;;;;;
;;;;;;;170;;;;39.525.000;
Pot. :;0;;Pajak :;0;;Biaya :;0;;Total Akhir :;39.525.000;;
 ;;;;;;;;;;;;
BL-000001580-26;;02/07/2026;;NGY;SP0432;PT MATAHARI SAKTI (PET FOOD);;;;;;
No.;Kd. Item;Nama Item;;;;;Jml;Satuan;Harga;Pot. %;Total;
1;TSH-2-1;TAISHO-2;;;;;120;SAK;141.136;0;16.936.320;
2;TSH-5-1;TAISHO-5;;;;;150;SAK;141.136;0;21.170.400;
3;TSP-2;TAISHO-2 SPESIAL;;;;;10;SAK;141.136;0;1.411.360;
4;TSP-5;TAISHO-5 SPESIAL;;;;;20;SAK;141.136;0;2.822.720;
;;;;;; ;;;;;;
;;;;;;;300;;;;42.340.800;
Pot. :;0;;Pajak :;0;;Biaya :;150;;Total Akhir :;42.340.950;;
 ;;;;;;;;;;;;
BL-000001581-26;;02/07/2026;;NGY;SP0029;RAMA SINDO MULYA, CV;;;;;;
No.;Kd. Item;Nama Item;;;;;Jml;Satuan;Harga;Pot. %;Total;
1;511P;511 P (50 KG);;;;;80;BAL;448.750;0;35.900.000;
2;0000456-1;594 (50 KG);;;;;50;BAL;470.000;0;23.500.000;
;;;;;; ;;;;;;
;;;;;;;130;;;;59.400.000;
Pot. :;0;;Pajak :;0;;Biaya :;0;;Total Akhir :;59.400.000;;
 ;;;;;;;;;;;;
BL-000001582-26;;02/07/2026;;NGY;SP0150;DELAPAN PENJURU SAKTI, PT.;;;;;;
No.;Kd. Item;Nama Item;;;;;Jml;Satuan;Harga;Pot. %;Total;
1;461;BR12 CP (50 KG);;;;;50;BAL;456.250;0;22.812.500;
;;;;;; ;;;;;;
;;;;;;;50;;;;22.812.500;
Pot. :;0;;Pajak :;0;;Biaya :;0;;Total Akhir :;22.812.500;;
 ;;;;;;;;;;;;
BL-000001596-26;;02/07/2026;;NGY;SP0022;PT MEDION ARDHIKA BHAKTI;;;;;;
No.;Kd. Item;Nama Item;;;;;Jml;Satuan;Harga;Pot. %;Total;
1;7126;TMA 1 L MEDION (150);;;;;2.250;PCS;5.250;0;11.812.500;
2;7128;TMA 2 G MEDION (20);;;;;100;PCS;29.250;0;2.925.000;
3;7129;TRA 1 KG MEDION (60);;;;;1.200;PCS;11.025;0;13.230.000;
;;;;;; ;;;;;;
;;;;;;;3.550;;;;27.967.500;
Pot. :;0;;Pajak :;0;;Biaya :;0;;Total Akhir :;27.967.500;;
 ;;;;;;;;;;;;
BL-000001584-26;;03/07/2026;;NGY;SP0046;MARGO TANI;;;;;;
No.;Kd. Item;Nama Item;;;;;Jml;Satuan;Harga;Pot. %;Total;
1;0000512-7;JSS-2 MERPATI;;;;;360;SAK;250.000;0;90.000.000;
;;;;;; ;;;;;;
;;;;;;;360;;;;90.000.000;
Pot. :;0;;Pajak :;0;;Biaya :;0;;Total Akhir :;90.000.000;;
 ;;;;;;;;;;;;
BL-000001585-26;;03/07/2026;;NGY;SP0046;MARGO TANI;;;;;;
No.;Kd. Item;Nama Item;;;;;Jml;Satuan;Harga;Pot. %;Total;
1;0000514-2;GABAH MERAH 25 KG;;;;;10;@25 Kg;257.500;0;2.575.000;
2;0000514-1;GABAH MERAH 50 KG;;;;;20;BAL;515.000;0;10.300.000;
3;0000511-2;JAGUNG PECAH 25 KG;;;;;50;@25 Kg;187.500;0;9.375.000;
4;0000511-1;JAGUNG PECAH 50 KG;;;;;130;BAL;375.000;0;48.750.000;
;;;;;; ;;;;;;
;;;;;;;210;;;;71.000.000;
Pot. :;0;;Pajak :;0;;Biaya :;0;;Total Akhir :;71.000.000;;
 ;;;;;;;;;;;;
BL-000001590-26;;03/07/2026;;NGY;SP0021;MATAHARI SAKTI, PT. (FARM FEED);;;;;;
No.;Kd. Item;Nama Item;;;;;Jml;Satuan;Harga;Pot. %;Total;
1;PF500-1;PF 500 (10 KG);;;;;200;SAK;202.000;0;40.400.000;
2;PF800-1;PF 800 (10 KG);;;;;50;SAK;188.000;0;9.400.000;
3;PF1000-1;PF 1000 (10 KG);;;;;100;SAK;172.000;0;17.200.000;
;;;;;; ;;;;;;
;;;;;;;350;;;;67.000.000;
Pot. :;0;;Pajak :;0;;Biaya :;0;;Total Akhir :;67.000.000;;
 ;;;;;;;;;;;;
BL-000001603-26;;03/07/2026;;NGY;SP0487;PT PERFECT COMPANION INDONESIA;;;;;;
No.;Kd. Item;Nama Item;;;;;Jml;Satuan;Harga;Pot. %;Total;
1;CAT CHOIZE 400GR - TUNA;CAT CHOIZE 400GR - TUNA;;;;;100;DUS;275.255;0;27.525.500;
2;CAT CHOIZE 400GR - TUNA;CAT CHOIZE 400GR - TUNA;;;;;8;DUS;275.255;0;2.202.040;
3;CAT CHOIZE 400GR - KITTEN TUNA;CAT CHOIZE 400GR - KITTEN TUNA;;;;;100;DUS;275.255;0;27.525.500;
4;CAT CHOIZE 400GR - KITTEN TUNA;CAT CHOIZE 400GR - KITTEN TUNA;;;;;8;DUS;275.255;0;2.202.040;
;;;;;; ;;;;;;
;;;;;;;216;;;;59.455.080;
Pot. :;5.505.100;;Pajak :;5.934.498;;Biaya :;0;;Total Akhir :;59.884.478;;
 ;;;;;;;;;;;;
BL-000001591-26;;03/07/2026;;NGY;SP0029;RAMA SINDO MULYA, CV;;;;;;
No.;Kd. Item;Nama Item;;;;;Jml;Satuan;Harga;Pot. %;Total;
1;000032-1;512 BRAVO (50 KG);;;;;80;BAL;455.000;0;36.400.000;
2;511P;511 P (50 KG);;;;;50;BAL;448.750;0;22.437.500;
;;;;;; ;;;;;;
;;;;;;;130;;;;58.837.500;
Pot. :;950.000;;Pajak :;0;;Biaya :;0;;Total Akhir :;57.887.500;;
 ;;;;;;;;;;;;
BL-000001592-26;;03/07/2026;;NGY;SP0150;DELAPAN PENJURU SAKTI, PT.;;;;;;
No.;Kd. Item;Nama Item;;;;;Jml;Satuan;Harga;Pot. %;Total;
1;460;BR11 CP (50 KG);;;;;50;BAL;458.750;0;22.937.500;
;;;;;; ;;;;;;
;;;;;;;50;;;;22.937.500;
Pot. :;0;;Pajak :;0;;Biaya :;0;;Total Akhir :;22.937.500;;
 ;;;;;;;;;;;;
BL-000001595-26;;03/07/2026;;NGY;SP0542;CV JEVIN;;;;;;
No.;Kd. Item;Nama Item;;;;;Jml;Satuan;Harga;Pot. %;Total;
1;EKO-3-1;EKO-3 (30 KG);;;;;170;BAL;180.000;0;30.600.000;
2;EKO-4-1;EKO-4 (30 KG);;;;;50;BAL;179.000;0;8.950.000;
3;781(1);781 (30 KG);;;;;50;BAL;391.250;0;19.562.500;
;;;;;; ;;;;;;
;;;;;;;270;;;;59.112.500;
Pot. :;0;;Pajak :;0;;Biaya :;0;;Total Akhir :;59.112.500;;
 ;;;;;;;;;;;;
BL-000001598-26;;04/07/2026;;NGY;SP0541;CV CAHAYA TIMUR;;;;;;
No.;Kd. Item;Nama Item;;;;;Jml;Satuan;Harga;Pot. %;Total;
1;000035-1;BR2 (50 KG);;;;;56;BAL;435.000;0;24.360.000;
2;BA SINTA;BA (50 KG);;;;;30;BAL;245.000;0;7.350.000;
3;468;GD-21 (50 KG);;;;;114;BAL;370.000;0;42.180.000;
;;;;;; ;;;;;;
;;;;;;;200;;;;73.890.000;
Pot. :;0;;Pajak :;0;;Biaya :;0;;Total Akhir :;73.890.000;;
 ;;;;;;;;;;;;
BL-000001599-26;;04/07/2026;;NGY;SP0541;CV CAHAYA TIMUR;;;;;;
No.;Kd. Item;Nama Item;;;;;Jml;Satuan;Harga;Pot. %;Total;
1;472;PUYUH SP-22 (50 KG);;;;;100;BAL;370.000;0;37.000.000;
2;462;BR21E (50 KG);;;;;15;BAL;407.500;0;6.112.500;
3;468;GD-21 (50 KG);;;;;30;BAL;370.000;0;11.100.000;
4;GENTA GT-1 (50 KG);GENTA GT-1 (50 KG);;;;;55;BAL;360.000;0;19.800.000;
;;;;;; ;;;;;;
;;;;;;;200;;;;74.012.500;
Pot. :;0;;Pajak :;0;;Biaya :;0;;Total Akhir :;74.012.500;;
 ;;;;;;;;;;;;
BL-000001600-26;;04/07/2026;;NGY;SP0496;SURABAYA GRAIN, PT.;;;;;;
No.;Kd. Item;Nama Item;;;;;Jml;Satuan;Harga;Pot. %;Total;
1;0000523-1;BIJI MATAHARI HITAM 25 KG;;;;;170;SAK;450.000;0;76.500.000;
;;;;;; ;;;;;;
;;;;;;;170;;;;76.500.000;
Pot. :;0;;Pajak :;0;;Biaya :;0;;Total Akhir :;76.500.000;;
 ;;;;;;;;;;;;
BL-000001601-26;;04/07/2026;;NGY;SP0018;DUA SIGMA NUSANTARA, PT.;;;;;;
No.;Kd. Item;Nama Item;;;;;Jml;Satuan;Harga;Pot. %;Total;
1;PHOENIX KUTUT FORMULA;PHOENIX KUTUT FORMULA (75);;;;;50;DUS;386.250;0;19.312.500;
2;PHOENIX KUTUT PLATINUM;PHOENIX KUTUT PLATINUM (13);;;;;50;DUS;221.000;0;11.050.000;
3;PHOENIX KUTUT GOLD;PHOENIX KUTUT GOLD (20);;;;;200;DUS;174.000;0;34.800.000;
4;PHOENIX KENARI CAMPUR B100;PHOENIX KENARI CAMPUR B (ISI 100);;;;;25;DUS;1.070.000;0;26.750.000;
5;PHOENIX TERKUKU (20);PHOENIX TERKUKU BUNGKUS (20);;;;;25;DUS;160.000;0;4.000.000;
6;PHOENIX KUTUT FORMULA;PHOENIX KUTUT FORMULA (75);;;;;1;DUS;0;0;0;
7;PHOENIX KUTUT GOLD;PHOENIX KUTUT GOLD (20);;;;;2;DUS;0;0;0;
8;PHOENIX KENARI CAMPUR B100;PHOENIX KENARI CAMPUR B (ISI 100);;;;;1;DUS;0;0;0;
;;;;;; ;;;;;;
;;;;;;;354;;;;95.912.500;
Pot. :;1.918.250;;Pajak :;0;;Biaya :;0;;Total Akhir :;93.994.250;;
 ;;;;;;;;;;;;
BL-000001604-26;;06/07/2026;;NGY;SP0029;RAMA SINDO MULYA, CV;;;;;;
No.;Kd. Item;Nama Item;;;;;Jml;Satuan;Harga;Pot. %;Total;
1;000031-1;511 BRAVO (50 KG);;;;;180;BAL;457.500;0;82.350.000;
;;;;;; ;;;;;;
;;;;;;;180;;;;82.350.000;
Pot. :;0;;Pajak :;0;;Biaya :;0;;Total Akhir :;82.350.000;;
 ;;;;;;;;;;;;
BL-000001605-26;;06/07/2026;;NGY;SP0542;CV JEVIN;;;;;;
No.;Kd. Item;Nama Item;;;;;Jml;Satuan;Harga;Pot. %;Total;
1;EKO-2-1;EKO-2 (30 KG);;;;;70;BAL;180.000;0;12.600.000;
2;781(1);781 (30 KG);;;;;200;BAL;382.250;0;76.450.000;
;;;;;; ;;;;;;
;;;;;;;270;;;;89.050.000;
Pot. :;0;;Pajak :;0;;Biaya :;0;;Total Akhir :;89.050.000;;
 ;;;;;;;;;;;;
BL-000001606-26;;06/07/2026;;NGY;SP0029;RAMA SINDO MULYA, CV;;;;;;
No.;Kd. Item;Nama Item;;;;;Jml;Satuan;Harga;Pot. %;Total;
1;000031-1;511 BRAVO (50 KG);;;;;90;BAL;457.500;0;41.175.000;
2;511P;511 P (50 KG);;;;;50;BAL;448.750;0;22.437.500;
3;000033-1;551 (50 KG);;;;;40;BAL;520.000;0;20.800.000;
;;;;;; ;;;;;;
;;;;;;;180;;;;84.412.500;
Pot. :;0;;Pajak :;0;;Biaya :;0;;Total Akhir :;84.412.500;;
 ;;;;;;;;;;;;
BL-000001607-26;;07/07/2026;;NGY;SP0046;MARGO TANI;;;;;;
No.;Kd. Item;Nama Item;;;;;Jml;Satuan;Harga;Pot. %;Total;
1;0000529-1;JAGUNG MENIR 25 KG;;;;;40;SAK;240.000;0;9.600.000;
2;0000511-2;JAGUNG PECAH 25 KG;;;;;100;@25 Kg;187.500;0;18.750.000;
3;0000511-1;JAGUNG PECAH 50 KG;;;;;90;BAL;375.000;0;33.750.000;
4;539;JAGUNG HIBRIDA 50 KG;;;;;20;BAL;335.000;0;6.700.000;
;;;;;; ;;;;;;
;;;;;;;250;;;;68.800.000;
Pot. :;0;;Pajak :;0;;Biaya :;0;;Total Akhir :;68.800.000;;
 ;;;;;;;;;;;;
BL-000001611-26;;07/07/2026;;NGY;SP0106;SUMBER PANGAN PUTRA;;;;;;
No.;Kd. Item;Nama Item;;;;;Jml;Satuan;Harga;Pot. %;Total;
1;0000515-3;BERAS MERAH SOLO 25 KG;;;;;250;SAK;367.500;0;91.875.000;
2;0000514-2;GABAH MERAH 25 KG;;;;;20;@25 Kg;262.500;0;5.250.000;
3;0000514-1;GABAH MERAH 50 KG;;;;;40;BAL;525.000;0;21.000.000;
;;;;;; ;;;;;;
;;;;;;;310;;;;118.125.000;
Pot. :;0;;Pajak :;0;;Biaya :;0;;Total Akhir :;118.125.000;;
 ;;;;;;;;;;;;
BL-000001614-26;;07/07/2026;;NGY;SP0542;CV JEVIN;;;;;;
No.;Kd. Item;Nama Item;;;;;Jml;Satuan;Harga;Pot. %;Total;
1;EKO-2-1;EKO-2 (30 KG);;;;;120;BAL;180.000;0;21.600.000;
2;EKO-4-1;EKO-4 (30 KG);;;;;150;BAL;176.000;0;26.400.000;
;;;;;; ;;;;;;
;;;;;;;270;;;;48.000.000;
Pot. :;0;;Pajak :;0;;Biaya :;0;;Total Akhir :;48.000.000;;
 ;;;;;;;;;;;;
BL-000001615-26;;07/07/2026;;NGY;SP0542;CV JEVIN;;;;;;
No.;Kd. Item;Nama Item;;;;;Jml;Satuan;Harga;Pot. %;Total;
1;EKO-3-1;EKO-3 (30 KG);;;;;270;BAL;177.000;0;47.790.000;
;;;;;; ;;;;;;
;;;;;;;270;;;;47.790.000;
Pot. :;0;;Pajak :;0;;Biaya :;0;;Total Akhir :;47.790.000;;
 ;;;;;;;;;;;;
BL-000001619-26;;08/07/2026;;NGY;SP0021;MATAHARI SAKTI, PT. (FARM FEED);;;;;;
No.;Kd. Item;Nama Item;;;;;Jml;Satuan;Harga;Pot. %;Total;
1;FL-3M-1;FENGLI 3M (25 KG);;;;;40;SAK;430.825;0;17.233.000;
;;;;;; ;;;;;;
;;;;;;;40;;;;17.233.000;
Pot. :;0;;Pajak :;0;;Biaya :;0;;Total Akhir :;17.233.000;;
 ;;;;;;;;;;;;
BL-000001620-26;;08/07/2026;;NGY;SP0021;MATAHARI SAKTI, PT. (FARM FEED);;;;;;
No.;Kd. Item;Nama Item;;;;;Jml;Satuan;Harga;Pot. %;Total;
1;PF800-1;PF 800 (10 KG);;;;;70;SAK;188.000;0;13.160.000;
2;PF0;PF 0 (10 KG);;;;;40;SAK;191.000;0;7.640.000;
3;PF100;PF 100 (10 KG);;;;;40;SAK;191.000;0;7.640.000;
4;PF200;PF 200 (10 KG);;;;;15;SAK;190.500;0;2.857.500;
5;PF1000-1;PF 1000 (10 KG);;;;;35;SAK;172.000;0;6.020.000;
;;;;;; ;;;;;;
;;;;;;;200;;;;37.317.500;
Pot. :;0;;Pajak :;0;;Biaya :;0;;Total Akhir :;37.317.500;;
 ;;;;;;;;;;;;
BL-000001625-26;;08/07/2026;;NGY;SP0541;CV CAHAYA TIMUR;;;;;;
No.;Kd. Item;Nama Item;;;;;Jml;Satuan;Harga;Pot. %;Total;
1;000035-1;BR2 (50 KG);;;;;70;BAL;435.000;0;30.450.000;
2;462;BR21E (50 KG);;;;;30;BAL;407.500;0;12.225.000;
3;468;GD-21 (50 KG);;;;;50;BAL;370.000;0;18.500.000;
4;GENTA GT-1 (50 KG);GENTA GT-1 (50 KG);;;;;50;BAL;360.000;0;18.000.000;
;;;;;; ;;;;;;
;;;;;;;200;;;;79.175.000;
Pot. :;0;;Pajak :;0;;Biaya :;0;;Total Akhir :;79.175.000;;
 ;;;;;;;;;;;;
BL-000001626-26;;08/07/2026;;NGY;SP0029;RAMA SINDO MULYA, CV;;;;;;
No.;Kd. Item;Nama Item;;;;;Jml;Satuan;Harga;Pot. %;Total;
1;000031-1;511 BRAVO (50 KG);;;;;50;BAL;457.500;0;22.875.000;
2;000032-1;512 BRAVO (50 KG);;;;;100;BAL;455.000;0;45.500.000;
3;0000456-1;594 (50 KG);;;;;20;BAL;470.000;0;9.400.000;
4;449;144 (50 KG);;;;;10;BAL;470.000;0;4.700.000;
;;;;;; ;;;;;;
;;;;;;;180;;;;82.475.000;
Pot. :;200.000;;Pajak :;0;;Biaya :;0;;Total Akhir :;82.275.000;;
 ;;;;;;;;;;;;
BL-000001622-26;;08/07/2026;;NGY;SP0072;PT CITRA INA FEEDMILL;;;;;;
No.;Kd. Item;Nama Item;;;;;Jml;Satuan;Harga;Pot. %;Total;
1;RABBIT GUYOFEED;VITAL RABBIT CITRA FEED 25 KG;;;;;160;SAK;181.250;0;29.000.000;
;;;;;; ;;;;;;
;;;;;;;160;;;;29.000.000;
Pot. :;0;;Pajak :;0;;Biaya :;0;;Total Akhir :;29.000.000;;
 ;;;;;;;;;;;;
BL-000001629-26;;09/07/2026;;NGY;SP0496;SURABAYA GRAIN, PT.;;;;;;
No.;Kd. Item;Nama Item;;;;;Jml;Satuan;Harga;Pot. %;Total;
1;0000519-5;MILET PUTIH VITA MULTIPET 25 KG;;;;;170;SAK;232.500;0;39.525.000;
;;;;;; ;;;;;;
;;;;;;;170;;;;39.525.000;
Pot. :;0;;Pajak :;0;;Biaya :;0;;Total Akhir :;39.525.000;;
 ;;;;;;;;;;;;
BL-000001635-26;;09/07/2026;;NGY;SP0542;CV JEVIN;;;;;;
No.;Kd. Item;Nama Item;;;;;Jml;Satuan;Harga;Pot. %;Total;
1;781(1);781 (30 KG);;;;;270;BAL;382.250;0;103.207.500;
;;;;;; ;;;;;;
;;;;;;;270;;;;103.207.500;
Pot. :;0;;Pajak :;0;;Biaya :;0;;Total Akhir :;103.207.500;;
 ;;;;;;;;;;;;
BL-000001637-26;;09/07/2026;;NGY;SP0116;UNIVERSAL AGRI BISNISINDO, PT.(IKAN);;;;;;
No.;Kd. Item;Nama Item;;;;;Jml;Satuan;Harga;Pot. %;Total;
1;SAFIR-3;SAFIR 3 (30 KG);;;;;240;BAL;343.500;0;82.440.000;
2;SAFIR HG-3;SAFIR HG-3;;;;;10;BAL;352.500;0;3.525.000;
3;PIA ONYX SP;PIA ONYX SP (20 KG);;;;;30;SAK;251.000;0;7.530.000;
;;;;;; ;;;;;;
;;;;;;;280;;;;93.495.000;
Pot. :;1.215.000;;Pajak :;0;;Biaya :;0;;Total Akhir :;92.280.000;;
 ;;;;;;;;;;;;
BL-000001638-26;;09/07/2026;;NGY;SP0542;CV JEVIN;;;;;;
No.;Kd. Item;Nama Item;;;;;Jml;Satuan;Harga;Pot. %;Total;
1;782-4;782-4 (30 KG);;;;;150;BAL;367.400;0;55.110.000;
2;EKO-2-1;EKO-2 (30 KG);;;;;120;BAL;180.000;0;21.600.000;
;;;;;; ;;;;;;
;;;;;;;270;;;;76.710.000;
Pot. :;0;;Pajak :;0;;Biaya :;0;;Total Akhir :;76.710.000;;
 ;;;;;;;;;;;;
BL-000001640-26;;10/07/2026;;NGY;SP0046;MARGO TANI;;;;;;
No.;Kd. Item;Nama Item;;;;;Jml;Satuan;Harga;Pot. %;Total;
1;0000514-2;GABAH MERAH 25 KG;;;;;20;@25 Kg;257.500;0;5.150.000;
2;0000514-1;GABAH MERAH 50 KG;;;;;20;BAL;515.000;0;10.300.000;
3;0000529-1;JAGUNG MENIR 25 KG;;;;;60;SAK;240.000;0;14.400.000;
4;0000511-2;JAGUNG PECAH 25 KG;;;;;100;@25 Kg;187.500;0;18.750.000;
5;0000511-1;JAGUNG PECAH 50 KG;;;;;70;BAL;375.000;0;26.250.000;
;;;;;; ;;;;;;
;;;;;;;270;;;;74.850.000;
Pot. :;0;;Pajak :;0;;Biaya :;0;;Total Akhir :;74.850.000;;
 ;;;;;;;;;;;;
BL-000001652-26;;10/07/2026;;NGY;SP0157;PT TIGARAKSA SATRIA. TBK;;;;;;
No.;Kd. Item;Nama Item;;;;;Jml;Satuan;Harga;Pot. %;Total;
1;WHISKAS POUCH 80GR - TUNA (28);WHISKAS POUCH 80GR - TUNA (28);;;;;4.060;PCS;5.409;0;21.960.540;
2;WHISKAS POUCH 80GR - JUNIOR TUNA (28);WHISKAS POUCH 80GR - JUNIOR TUNA (28);;;;;4.200;PCS;5.409;0;22.717.800;
3;WHISKAS POUCH 70GR - TUNA&SALMON (28);WHISKAS POUCH 70GR - TUNA&SALMON (28);;;;;280;PCS;5.409;0;1.514.520;
4;WHISKAS POUCH 70GR - TUNA&MACKEREL (28);WHISKAS POUCH 70GR - TUNA&MACKEREL (28);;;;;280;PCS;5.409;0;1.514.520;
;;;;;; ;;;;;;
;;;;;;;8.820;;;;47.707.380;
Pot. :;3.815.721;;Pajak :;4.828.082;;Biaya :;0;;Total Akhir :;48.719.741;;
 ;;;;;;;;;;;;
BL-000001643-26;;10/07/2026;;NGY;SP0029;RAMA SINDO MULYA, CV;;;;;;
No.;Kd. Item;Nama Item;;;;;Jml;Satuan;Harga;Pot. %;Total;
1;463;A591-K;;;;;150;DUS;213.786;0;32.067.900;
2;464;A594-K;;;;;80;DUS;210.789;0;16.863.120;
;;;;;; ;;;;;;
;;;;;;;230;;;;48.931.020;
Pot. :;0;;Pajak :;0;;Biaya :;0;;Total Akhir :;48.931.020;;
 ;;;;;;;;;;;;
BL-000001644-26;;10/07/2026;;NGY;SP0029;RAMA SINDO MULYA, CV;;;;;;
No.;Kd. Item;Nama Item;;;;;Jml;Satuan;Harga;Pot. %;Total;
1;000031-1;511 BRAVO (50 KG);;;;;80;BAL;457.500;0;36.600.000;
;;;;;; ;;;;;;
;;;;;;;80;;;;36.600.000;
Pot. :;0;;Pajak :;0;;Biaya :;0;;Total Akhir :;36.600.000;;
 ;;;;;;;;;;;;
BL-000001645-26;;10/07/2026;;NGY;SP0029;RAMA SINDO MULYA, CV;;;;;;
No.;Kd. Item;Nama Item;;;;;Jml;Satuan;Harga;Pot. %;Total;
1;000031-1;511 BRAVO (50 KG);;;;;130;BAL;457.500;0;59.475.000;
2;511P;511 P (50 KG);;;;;50;BAL;448.750;0;22.437.500;
;;;;;; ;;;;;;
;;;;;;;180;;;;81.912.500;
Pot. :;0;;Pajak :;0;;Biaya :;0;;Total Akhir :;81.912.500;;
 ;;;;;;;;;;;;
BL-000001646-26;;10/07/2026;;NGY;SP0541;CV CAHAYA TIMUR;;;;;;
No.;Kd. Item;Nama Item;;;;;Jml;Satuan;Harga;Pot. %;Total;
1;462;BR21E (50 KG);;;;;70;BAL;407.500;0;28.525.000;
2;468;GD-21 (50 KG);;;;;100;BAL;370.000;0;37.000.000;
3;472;PUYUH SP-22 (50 KG);;;;;20;BAL;370.000;0;7.400.000;
;;;;;; ;;;;;;
;;;;;;;190;;;;72.925.000;
Pot. :;0;;Pajak :;0;;Biaya :;0;;Total Akhir :;72.925.000;;
 ;;;;;;;;;;;;
BL-000001647-26;;10/07/2026;;NGY;SP0489;CV BERKAH SETU MANDIRI;;;;;;
No.;Kd. Item;Nama Item;;;;;Jml;Satuan;Harga;Pot. %;Total;
1;SN - 3;SN-3 (50 KG);;;;;10;BAL;505.000;0;5.050.000;
;;;;;; ;;;;;;
;;;;;;;10;;;;5.050.000;
Pot. :;0;;Pajak :;0;;Biaya :;0;;Total Akhir :;5.050.000;;
 ;;;;;;;;;;;;
BL-000001656-26;;13/07/2026;;NGY;SP0008;EBOD JAYA, CV.;;;;;;
No.;Kd. Item;Nama Item;;;;;Jml;Satuan;Harga;Pot. %;Total;
1;EBOD CANARY PLASTIK;EBOD CANARY PLASTIK (40);;;;;150;DUS;300.000;0;45.000.000;
2;EBOD CANARY KOTAK;EBOD CANARY KOTAK (20);;;;;20;DUS;190.000;0;3.800.000;
3;EBOD LB MILTIH (20);EBOD LB MILTIH 400 GR (20);;;;;30;DUS;150.000;0;4.500.000;
4;EBOD VIT;EBOD VIT;;;;;36;PAK;140.000;0;5.040.000;
5;SHAMPOO JATIJAJAR 300 ml;SHAMPOO JATIJAJAR 300 ml (6);;;;;20;DUS;90.000;0;1.800.000;
6;EBOD JOSS;EBOD JOSS;;;;;12;PAK;140.000;0;1.680.000;
;;;;;; ;;;;;;
;;;;;;;268;;;;61.820.000;
Pot. :;0;;Pajak :;0;;Biaya :;0;;Total Akhir :;61.820.000;;
 ;;;;;;;;;;;;
BL-000001657-26;;13/07/2026;;NGY;SP0081;MUSTAWAM;;;;;;
No.;Kd. Item;Nama Item;;;;;Jml;Satuan;Harga;Pot. %;Total;
1;0000512-6;JSS-CINTA MERPATI;;;;;360;SAK;237.500;0;85.500.000;
;;;;;; ;;;;;;
;;;;;;;360;;;;85.500.000;
Pot. :;0;;Pajak :;0;;Biaya :;0;;Total Akhir :;85.500.000;;
 ;;;;;;;;;;;;
BL-000001664-26;;13/07/2026;;NGY;SP0029;RAMA SINDO MULYA, CV;;;;;;
No.;Kd. Item;Nama Item;;;;;Jml;Satuan;Harga;Pot. %;Total;
1;000033-1;551 (50 KG);;;;;30;BAL;515.000;0;15.450.000;
;;;;;; ;;;;;;
;;;;;;;30;;;;15.450.000;
Pot. :;0;;Pajak :;0;;Biaya :;0;;Total Akhir :;15.450.000;;
 ;;;;;;;;;;;;
BL-000001665-26;;13/07/2026;;NGY;SP0029;RAMA SINDO MULYA, CV;;;;;;
No.;Kd. Item;Nama Item;;;;;Jml;Satuan;Harga;Pot. %;Total;
1;464;A594-K;;;;;150;DUS;210.789;0;31.618.350;
;;;;;; ;;;;;;
;;;;;;;150;;;;31.618.350;
Pot. :;0;;Pajak :;0;;Biaya :;0;;Total Akhir :;31.618.350;;
 ;;;;;;;;;;;;
BL-000001667-26;;13/07/2026;;NGY;SP0150;DELAPAN PENJURU SAKTI, PT.;;;;;;
No.;Kd. Item;Nama Item;;;;;Jml;Satuan;Harga;Pot. %;Total;
1;460;BR11 CP (50 KG);;;;;50;BAL;458.750;0;22.937.500;
2;461;BR12 CP (50 KG);;;;;40;BAL;456.250;0;18.250.000;
;;;;;; ;;;;;;
;;;;;;;90;;;;41.187.500;
Pot. :;0;;Pajak :;0;;Biaya :;0;;Total Akhir :;41.187.500;;
 ;;;;;;;;;;;;
BL-000001666-26;;14/07/2026;;NGY;SP0046;MARGO TANI;;;;;;
No.;Kd. Item;Nama Item;;;;;Jml;Satuan;Harga;Pot. %;Total;
1;0000514-2;GABAH MERAH 25 KG;;;;;30;@25 Kg;257.500;0;7.725.000;
2;0000511-2;JAGUNG PECAH 25 KG;;;;;50;@25 Kg;187.500;0;9.375.000;
3;0000511-1;JAGUNG PECAH 50 KG;;;;;120;BAL;375.000;0;45.000.000;
4;0000529-1;JAGUNG MENIR 25 KG;;;;;40;SAK;240.000;0;9.600.000;
;;;;;; ;;;;;;
;;;;;;;240;;;;71.700.000;
Pot. :;0;;Pajak :;0;;Biaya :;0;;Total Akhir :;71.700.000;;
 ;;;;;;;;;;;;
BL-000001670-26;;14/07/2026;;NGY;SP0106;SUMBER PANGAN PUTRA;;;;;;
No.;Kd. Item;Nama Item;;;;;Jml;Satuan;Harga;Pot. %;Total;
1;0000515-3;BERAS MERAH SOLO 25 KG;;;;;360;SAK;367.500;0;132.300.000;
;;;;;; ;;;;;;
;;;;;;;360;;;;132.300.000;
Pot. :;0;;Pajak :;0;;Biaya :;0;;Total Akhir :;132.300.000;;
 ;;;;;;;;;;;;
BL-000001671-26;;14/07/2026;;NGY;SP0541;CV CAHAYA TIMUR;;;;;;
No.;Kd. Item;Nama Item;;;;;Jml;Satuan;Harga;Pot. %;Total;
1;GENTA GT-1 (50 KG);GENTA GT-1 (50 KG);;;;;100;BAL;360.000;0;36.000.000;
2;000035-1;BR2 (50 KG);;;;;60;BAL;435.000;0;26.100.000;
3;472;PUYUH SP-22 (50 KG);;;;;10;BAL;370.000;0;3.700.000;
4;BA SINTA;BA (50 KG);;;;;10;BAL;245.000;0;2.450.000;
;;;;;; ;;;;;;
;;;;;;;180;;;;68.250.000;
Pot. :;0;;Pajak :;0;;Biaya :;0;;Total Akhir :;68.250.000;;
 ;;;;;;;;;;;;
BL-000001672-26;;14/07/2026;;NGY;SP0489;CV BERKAH SETU MANDIRI;;;;;;
No.;Kd. Item;Nama Item;;;;;Jml;Satuan;Harga;Pot. %;Total;
1;SN - 3;SN-3 (50 KG);;;;;20;BAL;505.000;0;10.100.000;
;;;;;; ;;;;;;
;;;;;;;20;;;;10.100.000;
Pot. :;0;;Pajak :;0;;Biaya :;0;;Total Akhir :;10.100.000;;
 ;;;;;;;;;;;;
BL-000001673-26;;14/07/2026;;NGY;SP0029;RAMA SINDO MULYA, CV;;;;;;
No.;Kd. Item;Nama Item;;;;;Jml;Satuan;Harga;Pot. %;Total;
1;000031-1;511 BRAVO (50 KG);;;;;180;BAL;457.500;0;82.350.000;
;;;;;; ;;;;;;
;;;;;;;180;;;;82.350.000;
Pot. :;0;;Pajak :;0;;Biaya :;0;;Total Akhir :;82.350.000;;
 ;;;;;;;;;;;;
BL-000001674-26;;14/07/2026;;NGY;SP0029;RAMA SINDO MULYA, CV;;;;;;
No.;Kd. Item;Nama Item;;;;;Jml;Satuan;Harga;Pot. %;Total;
1;000032-1;512 BRAVO (50 KG);;;;;40;BAL;455.000;0;18.200.000;
2;511P;511 P (50 KG);;;;;80;BAL;448.750;0;35.900.000;
3;0000456-1;594 (50 KG);;;;;40;BAL;470.000;0;18.800.000;
4;000033-1;551 (50 KG);;;;;20;BAL;515.000;0;10.300.000;
;;;;;; ;;;;;;
;;;;;;;180;;;;83.200.000;
Pot. :;0;;Pajak :;0;;Biaya :;0;;Total Akhir :;83.200.000;;
 ;;;;;;;;;;;;
BL-000001680-26;;14/07/2026;;NGY;SP0317;GOLD COIN, PT. (BURUNG);;;;;;
No.;Kd. Item;Nama Item;;;;;Jml;Satuan;Harga;Pot. %;Total;
1;GOLDCOIN KUTUT-B;GOLD COIN KUTUT 450 gr (20);;;;;200;DUS;243.940;0;48.788.000;
2;GCCANARY250;GOLD COIN CANARY 250 gr (40);;;;;75;DUS;331.440;0;24.858.000;
3;GOLDCOIN SEAWEED 450 gr;GOLD COIN SEAWEED 450 gr (20);;;;;75;DUS;206.880;0;15.516.000;
4;GOLDCOIN CRUMBLE 450 gr;GOLD COIN CRUMBLE 450 gr (20);;;;;25;DUS;171.880;0;4.297.000;
5;GOLDCOIN PELLET 450GR;GOLD COIN PELLET 450GR (20);;;;;75;DUS;191.880;0;14.391.000;
;;;;;; ;;;;;;
;;;;;;;450;;;;107.850.000;
Pot. :;1.550.000;;Pajak :;0;;Biaya :;200.000;;Total Akhir :;106.500.000;;
 ;;;;;;;;;;;;
BL-000001681-26;;15/07/2026;;NGY;SP0072;PT CITRA INA FEEDMILL;;;;;;
No.;Kd. Item;Nama Item;;;;;Jml;Satuan;Harga;Pot. %;Total;
1;RABBIT GUYOFEED;VITAL RABBIT CITRA FEED 25 KG;;;;;160;SAK;181.250;0;29.000.000;
;;;;;; ;;;;;;
;;;;;;;160;;;;29.000.000;
Pot. :;0;;Pajak :;0;;Biaya :;0;;Total Akhir :;29.000.000;;
 ;;;;;;;;;;;;
BL-000001685-26;;15/07/2026;;NGY;SP0484;KERTA MULYA SARIPAKAN, PT.;;;;;;
No.;Kd. Item;Nama Item;;;;;Jml;Satuan;Harga;Pot. %;Total;
1;310CR-50K;310 CR (50 KG);;;;;100;BAL;220.000;0;22.000.000;
2;457;814 M (50 KG);;;;;80;BAL;355.000;0;28.400.000;
;;;;;; ;;;;;;
;;;;;;;180;;;;50.400.000;
Pot. :;0;;Pajak :;0;;Biaya :;0;;Total Akhir :;50.400.000;;
 ;;;;;;;;;;;;
BL-000001687-26;;15/07/2026;;NGY;SP0236;PT CENTRAL WINDU SEJATI;;;;;;
No.;Kd. Item;Nama Item;;;;;Jml;Satuan;Harga;Pot. %;Total;
1;PK2-2;PK 2;;;;;100;SAK;154.700;0;15.470.000;
2;PK2-2;PK 2;;;;;5;SAK;154.700;0;773.500;
3;PK5 SR;PK 5 SR;;;;;140;SAK;137.247;0;19.214.580;
4;PK5 SR;PK 5 SR;;;;;7;SAK;137.247;0;960.729;
5;PK5-2;PK 5;;;;;100;SAK;146.767;0;14.676.700;
6;PK5-2;PK 5;;;;;5;SAK;146.767;0;733.835;
7;HKCM;HIRO KOI COLOR M (6);;;;;5;DUS;474.320;0;2.371.600;
8;HKGM;HIRO KOI GROWTH M (6);;;;;5;DUS;474.320;0;2.371.600;
9;CP KOI 2-6;CP KOI 2 (S) (6);;;;;5;@6;217.952;0;1.089.760;
10;CP KOI 5-6;CP KOI 5 (M) (6);;;;;20;@6;207.573;0;4.151.460;
11;CP KOI 5-6;CP KOI 5 (M) (6);;;;;1;@6;207.573;0;207.573;
12;PK2 SP-2;PK 2 SP;;;;;20;SAK;157.873;0;3.157.460;
13;PK2 SP-2;PK 2 SP;;;;;1;SAK;157.873;0;157.873;
14;PK5 SP-2;PK 5 SP;;;;;20;SAK;149.940;0;2.998.800;
15;PK5 SP-2;PK 5 SP;;;;;1;SAK;149.940;0;149.940;
16;PK2 SR;PK 2 SR;;;;;100;SAK;145.180;0;14.518.000;
17;PK2 SR;PK 2 SR;;;;;5;SAK;145.180;0;725.900;
;;;;;; ;;;;;;
;;;;;;;540;;;;83.729.310;
Pot. :;0;;Pajak :;0;;Biaya :;0;;Total Akhir :;83.729.310;;
 ;;;;;;;;;;;;
BL-000001689-26;;15/07/2026;;NGY;SP0542;CV JEVIN;;;;;;
No.;Kd. Item;Nama Item;;;;;Jml;Satuan;Harga;Pot. %;Total;
1;781(1);781 (30 KG);;;;;104;BAL;376.250;0;39.130.000;
2;781-2(1);781-2 (30 KG);;;;;150;BAL;382.500;0;57.375.000;
3;T89-3 (50KG);T89-3 (50KG);;;;;5;BAL;550.000;0;2.750.000;
4;TL-888 (50KG);TL-888 (50KG);;;;;5;BAL;460.000;0;2.300.000;
;;;;;; ;;;;;;
;;;;;;;264;;;;101.555.000;
Pot. :;11.036.200;;Pajak :;0;;Biaya :;0;;Total Akhir :;90.518.800;;
 ;;;;;;;;;;;;
BL-000001690-26;;16/07/2026;;NGY;SP0046;MARGO TANI;;;;;;
No.;Kd. Item;Nama Item;;;;;Jml;Satuan;Harga;Pot. %;Total;
1;0000514-1;GABAH MERAH 50 KG;;;;;10;BAL;515.000;0;5.150.000;
2;0000511-2;JAGUNG PECAH 25 KG;;;;;200;@25 Kg;187.500;0;37.500.000;
3;0000511-1;JAGUNG PECAH 50 KG;;;;;70;BAL;375.000;0;26.250.000;
;;;;;; ;;;;;;
;;;;;;;280;;;;68.900.000;
Pot. :;0;;Pajak :;0;;Biaya :;0;;Total Akhir :;68.900.000;;
 ;;;;;;;;;;;;
BL-000001695-26;;16/07/2026;;NGY;SP0541;CV CAHAYA TIMUR;;;;;;
No.;Kd. Item;Nama Item;;;;;Jml;Satuan;Harga;Pot. %;Total;
1;468;GD-21 (50 KG);;;;;200;BAL;370.000;0;74.000.000;
;;;;;; ;;;;;;
;;;;;;;200;;;;74.000.000;
Pot. :;0;;Pajak :;0;;Biaya :;0;;Total Akhir :;74.000.000;;
 ;;;;;;;;;;;;
BL-000001700-26;;16/07/2026;;NGY;SP0487;PT PERFECT COMPANION INDONESIA;;;;;;
No.;Kd. Item;Nama Item;;;;;Jml;Satuan;Harga;Pot. %;Total;
1;MEO KLG 400GR - TUNA;MEO KLG 400GR - TUNA;;;;;150;DUS;425.013;0;63.751.950;
2;MEO KLG 400GR - KITTEN TUNA;MEO KLG 400GR - KITTEN TUNA;;;;;150;DUS;425.013;0;63.751.950;
;;;;;; ;;;;;;
;;;;;;;300;;;;127.503.900;
Pot. :;15.045.460;;Pajak :;12.370.428;;Biaya :;0;;Total Akhir :;124.828.868;;
 ;;;;;;;;;;;;
BL-000001696-26;;17/07/2026;;NGY;SP0022;PT MEDION ARDHIKA BHAKTI;;;;;;
No.;Kd. Item;Nama Item;;;;;Jml;Satuan;Harga;Pot. %;Total;
1;7127;TMA 1 G MEDION (40);;;;;400;PCS;16.650;0;6.660.000;
2;7128;TMA 2 G MEDION (20);;;;;100;PCS;29.250;0;2.925.000;
;;;;;; ;;;;;;
;;;;;;;500;;;;9.585.000;
Pot. :;666.000;;Pajak :;0;;Biaya :;0;;Total Akhir :;8.919.000;;
 ;;;;;;;;;;;;
BL-000001697-26;;17/07/2026;;NGY;SP0046;MARGO TANI;;;;;;
No.;Kd. Item;Nama Item;;;;;Jml;Satuan;Harga;Pot. %;Total;
1;0000512-7;JSS-2 MERPATI;;;;;360;SAK;237.500;0;85.500.000;
;;;;;; ;;;;;;
;;;;;;;360;;;;85.500.000;
Pot. :;0;;Pajak :;0;;Biaya :;0;;Total Akhir :;85.500.000;;
 ;;;;;;;;;;;;
BL-000001698-26;;17/07/2026;;NGY;SP0487;PT PERFECT COMPANION INDONESIA;;;;;;
No.;Kd. Item;Nama Item;;;;;Jml;Satuan;Harga;Pot. %;Total;
1;MEO 80GR - BEEF CHUNKIN JELLY (12);MEO 80GR - BEEF CHUNKIN JELLY (12);;;;;20;@12;61.355;0;1.227.100;
2;MEO 80GR - CHICKEN CHUNK IN GRAVY (12);MEO 80GR - CHICKEN CHUNK IN GRAVY (12);;;;;20;@12;61.355;0;1.227.100;
3;MEO POUCH 80GR - BEEF N LAMB CHUNCK IN GRAVY (12);MEO 80GR - BEEF N LAMB CHUNCK IN GRAVY (12);;;;;20;@12;61.355;0;1.227.100;
4;MEO POUCH 80GR - MACKAREL (12);MEO 80GR - MACKAREL (12);;;;;20;@12;61.355;0;1.227.100;
5;MEO POUCH 80GR - OCEAN FISH (12);MEO 80GR - OCEAN FISH (12);;;;;50;@12;61.355;0;3.067.750;
6;MEO POUCH 80GR - OTAK2 W/ WF & CHICKEN FLAKE  (12);MEO 80GR - OTAK2 W/ WF & CHICKEN FLAKE (12);;;;;20;@12;61.355;0;1.227.100;
7;MEO POUCH 80GR - OTAK2 W/ WF & CRAB STICK (12);MEO 80GR - OTAK2 W/ WF & CRAB STICK (12);;;;;50;@12;61.355;0;3.067.750;
8;MEO POUCH 80GR - TUNA IN JELLY (12);MEO 80GR - TUNA IN JELLY (12);;;;;350;@12;61.355;0;21.474.250;
9;MEO POUCH 80GR - TUNA WITH CHICKEN IN JELLY (12);MEO 80GR - TUNA WITH CHICKEN IN JELLY (12);;;;;50;@12;61.355;0;3.067.750;
10;MEO POUCH 80GR KITTEN - OTAK2 W/ WHITEFISH (12);MEO 80GR KITTEN - OTAK2 W/ WHITEFISH (12);;;;;50;@12;61.355;0;3.067.750;
11;MEO POUCH 80GR KITTEN - TUNA IN JELLY (12);MEO 80GR KITTEN - TUNA IN JELLY (12);;;;;350;@12;61.355;0;21.474.250;
12;MEO POUCH 80GR KITTEN - OTAK2 W/ WHITEFISH (12);MEO 80GR KITTEN - OTAK2 W/ WHITEFISH (12);;;;;25;@12;0;0;0;
;;;;;; ;;;;;;
;;;;;;;1.025;;;;61.355.000;
Pot. :;1.227.100;;Pajak :;6.614.069;;Biaya :;0;;Total Akhir :;66.741.969;;
 ;;;;;;;;;;;;
BL-000001701-26;;17/07/2026;;NGY;SP0542;CV JEVIN;;;;;;
No.;Kd. Item;Nama Item;;;;;Jml;Satuan;Harga;Pot. %;Total;
1;781(1);781 (30 KG);;;;;270;BAL;376.250;0;101.587.500;
;;;;;; ;;;;;;
;;;;;;;270;;;;101.587.500;
Pot. :;0;;Pajak :;0;;Biaya :;0;;Total Akhir :;101.587.500;;
 ;;;;;;;;;;;;
BL-000001704-26;;17/07/2026;;NGY;SP0533;PT NEW HOPE INDONESIA;;;;;;
No.;Kd. Item;Nama Item;;;;;Jml;Satuan;Harga;Pot. %;Total;
1;P100;PUYUH P100 (50 KG);;;;;20;BAL;382.500;0;7.650.000;
2;B12LCR-50K;B12 L CRUMBLE (50 KG);;;;;140;BAL;265.000;0;37.100.000;
3;P02 PELLET;P02 PELLET (50 KG);;;;;20;BAL;422.500;0;8.450.000;
;;;;;; ;;;;;;
;;;;;;;180;;;;53.200.000;
Pot. :;0;;Pajak :;0;;Biaya :;0;;Total Akhir :;53.200.000;;
 ;;;;;;;;;;;;
BL-000001705-26;;18/07/2026;;NGY;SP0496;SURABAYA GRAIN, PT.;;;;;;
No.;Kd. Item;Nama Item;;;;;Jml;Satuan;Harga;Pot. %;Total;
1;0000519-5;MILET PUTIH VITA MULTIPET 25 KG;;;;;170;SAK;222.500;0;37.825.000;
;;;;;; ;;;;;;
;;;;;;;170;;;;37.825.000;
Pot. :;0;;Pajak :;0;;Biaya :;0;;Total Akhir :;37.825.000;;
 ;;;;;;;;;;;;
BL-000001712-26;;18/07/2026;;NGY;SP0542;CV JEVIN;;;;;;
No.;Kd. Item;Nama Item;;;;;Jml;Satuan;Harga;Pot. %;Total;
1;781-2(1);781-2 (30 KG);;;;;120;BAL;382.500;0;45.900.000;
2;EKO-3-1;EKO-3 (30 KG);;;;;150;BAL;177.000;0;26.550.000;
;;;;;; ;;;;;;
;;;;;;;270;;;;72.450.000;
Pot. :;0;;Pajak :;0;;Biaya :;0;;Total Akhir :;72.450.000;;
 ;;;;;;;;;;;;
BL-000001713-26;;18/07/2026;;NGY;SP0542;CV JEVIN;;;;;;
No.;Kd. Item;Nama Item;;;;;Jml;Satuan;Harga;Pot. %;Total;
1;781-1(1);781-1 (20 KG);;;;;60;SAK;271.900;0;16.314.000;
2;788-3;788-3 (30 KG);;;;;60;BAL;327.500;0;19.650.000;
3;EKO-2-1;EKO-2 (30 KG);;;;;100;BAL;180.000;0;18.000.000;
4;EKO-4-1;EKO-4 (30 KG);;;;;70;BAL;176.000;0;12.320.000;
;;;;;; ;;;;;;
;;;;;;;290;;;;66.284.000;
Pot. :;0;;Pajak :;0;;Biaya :;0;;Total Akhir :;66.284.000;;
 ;;;;;;;;;;;;
BL-000001714-26;;18/07/2026;;NGY;SP0487;PT PERFECT COMPANION INDONESIA;;;;;;
No.;Kd. Item;Nama Item;;;;;Jml;Satuan;Harga;Pot. %;Total;
1;CAT CHOIZE 75GR - CHICKEN LIVER;CAT CHOIZE 75GR - CHICKEN LIVER;;;;;100;@12;49.059;0;4.905.900;
2;CAT CHOIZE 75GR - KITTEN TUNA;CAT CHOIZE 75GR - KITTEN TUNA;;;;;300;@12;49.059;0;14.717.700;
3;CAT CHOIZE 75GR - MACKEREL;CAT CHOIZE 75GR - MACKEREL;;;;;100;@12;49.059;0;4.905.900;
4;CAT CHOIZE 75GR - TUNA;CAT CHOIZE 75GR - TUNA;;;;;300;@12;49.059;0;14.717.700;
5;CAT CHOIZE 75GR - KITTEN TUNA;CAT CHOIZE 75GR - KITTEN TUNA;;;;;40;@12;0;0;0;
6;CAT CHOIZE 75GR - TUNA;CAT CHOIZE 75GR - TUNA;;;;;40;@12;0;0;0;
;;;;;; ;;;;;;
;;;;;;;880;;;;39.247.200;
Pot. :;0;;Pajak :;4.317.192;;Biaya :;0;;Total Akhir :;43.564.392;;
 ;;;;;;;;;;;;
BL-000001710-26;;20/07/2026;;NGY;SP0046;MARGO TANI;;;;;;
No.;Kd. Item;Nama Item;;;;;Jml;Satuan;Harga;Pot. %;Total;
1;0000514-1;GABAH MERAH 50 KG;;;;;10;BAL;515.000;0;5.150.000;
2;0000514-2;GABAH MERAH 25 KG;;;;;20;@25 Kg;257.500;0;5.150.000;
3;0000529-1;JAGUNG MENIR 25 KG;;;;;30;SAK;240.000;0;7.200.000;
4;0000511-1;JAGUNG PECAH 50 KG;;;;;75;BAL;375.000;0;28.125.000;
5;539;JAGUNG HIBRIDA 50 KG;;;;;70;BAL;335.000;0;23.450.000;
;;;;;; ;;;;;;
;;;;;;;205;;;;69.075.000;
Pot. :;0;;Pajak :;0;;Biaya :;0;;Total Akhir :;69.075.000;;
 ;;;;;;;;;;;;
BL-000001719-26;;20/07/2026;;NGY;SP0039;TOPSONG JAYA MULYA, PT.;;;;;;
No.;Kd. Item;Nama Item;;;;;Jml;Satuan;Harga;Pot. %;Total;
1;TOPSONG 3 IN 1;TOPSONG 3 IN 1;;;;;10.500;PCS;10.268;0;107.814.000;
2;TOPSONG SEAWEED;TOPSONG SEAWEED;;;;;1.200;PCS;10.379;0;12.454.800;
3;TOPSONG MINI P;TOPSONG MINI P 250 gr;;;;;500;PCS;7.326;0;3.663.000;
4;TOPSONG 3 IN 1;TOPSONG 3 IN 1;;;;;240;PCS;0;0;0;
;;;;;; ;;;;;;
;;;;;;;12.440;;;;123.931.800;
Pot. :;5.850;;Pajak :;0;;Biaya :;0;;Total Akhir :;123.925.950;;
 ;;;;;;;;;;;;
BL-000001729-26;;20/07/2026;;NGY;SP0236;PT CENTRAL WINDU SEJATI;;;;;;
No.;Kd. Item;Nama Item;;;;;Jml;Satuan;Harga;Pot. %;Total;
1;T521-50K;TURBO 521 BURUNG (50 KG);;;;;100;BAL;385.000;0;38.500.000;
2;T521-50K;TURBO 521 BURUNG (50 KG);;;;;2;BAL;385.000;0;770.000;
;;;;;; ;;;;;;
;;;;;;;102;;;;39.270.000;
Pot. :;20;;Pajak :;0;;Biaya :;0;;Total Akhir :;39.269.980;;
 ;;;;;;;;;;;;
BL-000001720-26;;21/07/2026;;NGY;SP0018;DUA SIGMA NUSANTARA, PT.;;;;;;
No.;Kd. Item;Nama Item;;;;;Jml;Satuan;Harga;Pot. %;Total;
1;PHOENIX KUTUT FORMULA;PHOENIX KUTUT FORMULA (75);;;;;50;DUS;386.250;0;19.312.500;
2;PHOENIX KUTUT GOLD;PHOENIX KUTUT GOLD (20);;;;;200;DUS;174.000;0;34.800.000;
3;PHOENIX LB B-50;PHOENIX LOVEBIRD B (ISI 50);;;;;50;DUS;510.000;0;25.500.000;
4;PHOENIX KUTUT FORMULA;PHOENIX KUTUT FORMULA (75);;;;;1;DUS;0;0;0;
5;PHOENIX KUTUT GOLD;PHOENIX KUTUT GOLD (20);;;;;2;DUS;0;0;0;
6;PHOENIX LB B-50;PHOENIX LOVEBIRD B (ISI 50);;;;;1;DUS;0;0;0;
;;;;;; ;;;;;;
;;;;;;;304;;;;79.612.500;
Pot. :;1.592.250;;Pajak :;0;;Biaya :;0;;Total Akhir :;78.020.250;;
 ;;;;;;;;;;;;
BL-000001721-26;;21/07/2026;;NGY;SP0541;CV CAHAYA TIMUR;;;;;;
No.;Kd. Item;Nama Item;;;;;Jml;Satuan;Harga;Pot. %;Total;
1;GENTA GT-1 (50 KG);GENTA GT-1 (50 KG);;;;;50;BAL;360.000;0;18.000.000;
2;000035-1;BR2 (50 KG);;;;;30;BAL;435.000;0;13.050.000;
3;462;BR21E (50 KG);;;;;40;BAL;407.500;0;16.300.000;
4;472;PUYUH SP-22 (50 KG);;;;;30;BAL;370.000;0;11.100.000;
5;BA SINTA;BA (50 KG);;;;;50;BAL;245.000;0;12.250.000;
;;;;;; ;;;;;;
;;;;;;;200;;;;70.700.000;
Pot. :;0;;Pajak :;0;;Biaya :;0;;Total Akhir :;70.700.000;;
 ;;;;;;;;;;;;
BL-000001723-26;;21/07/2026;;NGY;SP0116;UNIVERSAL AGRI BISNISINDO, PT.(IKAN);;;;;;
No.;Kd. Item;Nama Item;;;;;Jml;Satuan;Harga;Pot. %;Total;
1;SAFIR-2;SAFIR 2 (30 KG);;;;;145;BAL;352.500;0;51.112.500;
2;SAFIR-3;SAFIR 3 (30 KG);;;;;105;BAL;351.000;0;36.855.000;
3;PIA ONYX SP;PIA ONYX SP (20 KG);;;;;30;SAK;256.000;0;7.680.000;
;;;;;; ;;;;;;
;;;;;;;280;;;;95.647.500;
Pot. :;105.000;;Pajak :;0;;Biaya :;0;;Total Akhir :;95.542.500;;
 ;;;;;;;;;;;;
BL-000001735-26;;22/07/2026;;NGY;SP0072;PT CITRA INA FEEDMILL;;;;;;
No.;Kd. Item;Nama Item;;;;;Jml;Satuan;Harga;Pot. %;Total;
1;RABBIT GUYOFEED;VITAL RABBIT CITRA FEED 25 KG;;;;;160;SAK;181.250;0;29.000.000;
;;;;;; ;;;;;;
;;;;;;;160;;;;29.000.000;
Pot. :;0;;Pajak :;0;;Biaya :;0;;Total Akhir :;29.000.000;;
 ;;;;;;;;;;;;
BL-000001733-26;;22/07/2026;;NGY;SP0541;CV CAHAYA TIMUR;;;;;;
No.;Kd. Item;Nama Item;;;;;Jml;Satuan;Harga;Pot. %;Total;
1;468;GD-21 (50 KG);;;;;150;BAL;370.000;0;55.500.000;
2;462;BR21E (50 KG);;;;;50;BAL;407.500;0;20.375.000;
;;;;;; ;;;;;;
;;;;;;;200;;;;75.875.000;
Pot. :;0;;Pajak :;0;;Biaya :;0;;Total Akhir :;75.875.000;;
 ;;;;;;;;;;;;
BL-000001734-26;;22/07/2026;;NGY;SP0029;RAMA SINDO MULYA, CV;;;;;;
No.;Kd. Item;Nama Item;;;;;Jml;Satuan;Harga;Pot. %;Total;
1;000031-1;511 BRAVO (50 KG);;;;;100;BAL;467.500;0;46.750.000;
2;511P;511 P (50 KG);;;;;80;BAL;458.750;0;36.700.000;
;;;;;; ;;;;;;
;;;;;;;180;;;;83.450.000;
Pot. :;0;;Pajak :;0;;Biaya :;0;;Total Akhir :;83.450.000;;
 ;;;;;;;;;;;;
BL-000001736-26;;23/07/2026;;NGY;SP0046;MARGO TANI;;;;;;
No.;Kd. Item;Nama Item;;;;;Jml;Satuan;Harga;Pot. %;Total;
1;0000511-2;JAGUNG PECAH 25 KG;;;;;134;@25 Kg;187.500;0;25.125.000;
2;0000511-1;JAGUNG PECAH 50 KG;;;;;65;BAL;375.000;0;24.375.000;
3;539;JAGUNG HIBRIDA 50 KG;;;;;40;BAL;335.000;0;13.400.000;
;;;;;; ;;;;;;
;;;;;;;239;;;;62.900.000;
Pot. :;0;;Pajak :;0;;Biaya :;0;;Total Akhir :;62.900.000;;
 ;;;;;;;;;;;;
BL-000001740-26;;23/07/2026;;NGY;SP0542;CV JEVIN;;;;;;
No.;Kd. Item;Nama Item;;;;;Jml;Satuan;Harga;Pot. %;Total;
1;EKO-3-1;EKO-3 (30 KG);;;;;270;BAL;177.000;0;47.790.000;
;;;;;; ;;;;;;
;;;;;;;270;;;;47.790.000;
Pot. :;0;;Pajak :;0;;Biaya :;0;;Total Akhir :;47.790.000;;
 ;;;;;;;;;;;;
BL-000001746-26;;24/07/2026;;NGY;SP0557;PT GRAND MILETINDO SEJAHTERA;;;;;;
No.;Kd. Item;Nama Item;;;;;Jml;Satuan;Harga;Pot. %;Total;
1;MILET PUTIH POPAY 25 KG;MILET PUTIH POPAY 25 KG;;;;;100;SAK;222.500;0;22.250.000;
;;;;;; ;;;;;;
;;;;;;;100;;;;22.250.000;
Pot. :;0;;Pajak :;0;;Biaya :;5;;Total Akhir :;22.250.005;;
 ;;;;;;;;;;;;
BL-000001747-26;;24/07/2026;;NGY;SP0557;PT GRAND MILETINDO SEJAHTERA;;;;;;
No.;Kd. Item;Nama Item;;;;;Jml;Satuan;Harga;Pot. %;Total;
1;MILET PUTIH POPAY 25 KG;MILET PUTIH POPAY 25 KG;;;;;100;SAK;222.500;0;22.250.000;
;;;;;; ;;;;;;
;;;;;;;100;;;;22.250.000;
Pot. :;0;;Pajak :;0;;Biaya :;5;;Total Akhir :;22.250.005;;
 ;;;;;;;;;;;;
BL-000001750-26;;24/07/2026;;NGY;SP0541;CV CAHAYA TIMUR;;;;;;
No.;Kd. Item;Nama Item;;;;;Jml;Satuan;Harga;Pot. %;Total;
1;GENTA GT-1 (50 KG);GENTA GT-1 (50 KG);;;;;20;BAL;360.000;0;7.200.000;
2;000035-1;BR2 (50 KG);;;;;30;BAL;435.000;0;13.050.000;
3;462;BR21E (50 KG);;;;;30;BAL;407.500;0;12.225.000;
4;472;PUYUH SP-22 (50 KG);;;;;50;BAL;370.000;0;18.500.000;
5;BA SINTA;BA (50 KG);;;;;40;BAL;245.000;0;9.800.000;
;;;;;; ;;;;;;
;;;;;;;170;;;;60.775.000;
Pot. :;0;;Pajak :;0;;Biaya :;0;;Total Akhir :;60.775.000;;
 ;;;;;;;;;;;;
BL-000001760-26;;24/07/2026;;NGY;SP0496;SURABAYA GRAIN, PT.;;;;;;
No.;Kd. Item;Nama Item;;;;;Jml;Satuan;Harga;Pot. %;Total;
1;000059-3;CANARY SEED VITA MULTIPET 25 KG;;;;;50;SAK;325.000;0;16.250.000;
2;0000510-2;JAWAWUT VITA MULTIPET 25 KG;;;;;15;SAK;437.500;0;6.562.500;
3;0000517-3;BIJI SAWI VITA MULTIPET 25 KG;;;;;15;SAK;355.000;0;5.325.000;
;;;;;; ;;;;;;
;;;;;;;80;;;;28.137.500;
Pot. :;0;;Pajak :;0;;Biaya :;0;;Total Akhir :;28.137.500;;
 ;;;;;;;;;;;;
BL-000001751-26;;24/07/2026;;NGY;SP0541;CV CAHAYA TIMUR;;;;;;
No.;Kd. Item;Nama Item;;;;;Jml;Satuan;Harga;Pot. %;Total;
1;468;GD-21 (50 KG);;;;;30;BAL;370.000;0;11.100.000;
;;;;;; ;;;;;;
;;;;;;;30;;;;11.100.000;
Pot. :;0;;Pajak :;0;;Biaya :;0;;Total Akhir :;11.100.000;;
 ;;;;;;;;;;;;
BL-000001752-26;;25/07/2026;;NGY;SP0046;MARGO TANI;;;;;;
No.;Kd. Item;Nama Item;;;;;Jml;Satuan;Harga;Pot. %;Total;
1;0000512-7;JSS-2 MERPATI;;;;;360;SAK;235.000;0;84.600.000;
;;;;;; ;;;;;;
;;;;;;;360;;;;84.600.000;
Pot. :;0;;Pajak :;0;;Biaya :;0;;Total Akhir :;84.600.000;;
 ;;;;;;;;;;;;
BL-000001758-26;;25/07/2026;;NGY;SP0487;PT PERFECT COMPANION INDONESIA;;;;;;
No.;Kd. Item;Nama Item;;;;;Jml;Satuan;Harga;Pot. %;Total;
1;MEO 1.1KG - SALMON;MEO 1.1 KG - SALMON;;;;;100;DUS;311.308;0;31.130.800;
2;MEO 1.1KG - SALMON;MEO 1.1 KG - SALMON;;;;;16;DUS;311.308;0;4.980.928;
3;MEO 1.2KG - TUNA;MEO 1.2KG - TUNA;;;;;100;DUS;311.308;0;31.130.800;
4;MEO 1.2KG - TUNA;MEO 1.2KG - TUNA;;;;;16;DUS;311.308;0;4.980.928;
5;MEO KLG 400GR - PILLCHARD IN PRAWN JELLY;MEO KLG 400GR - PILLCHARD IN PRAWN JELLY;;;;;2;DUS;425.013;0;850.026;
;;;;;; ;;;;;;
;;;;;;;234;;;;73.073.482;
Pot. :;12.057.114;;Pajak :;6.711.800;;Biaya :;0;;Total Akhir :;67.728.168;;
 ;;;;;;;;;;;;
BL-000001761-26;;25/07/2026;;NGY;SP0496;SURABAYA GRAIN, PT.;;;;;;
No.;Kd. Item;Nama Item;;;;;Jml;Satuan;Harga;Pot. %;Total;
1;0000520-4;MILET MERAH VITA MULTIPET 25 KG;;;;;120;SAK;287.500;0;34.500.000;
;;;;;; ;;;;;;
;;;;;;;120;;;;34.500.000;
Pot. :;0;;Pajak :;0;;Biaya :;0;;Total Akhir :;34.500.000;;
 ;;;;;;;;;;;;
BL-000001763-26;;25/07/2026;;NGY;SP0542;CV JEVIN;;;;;;
No.;Kd. Item;Nama Item;;;;;Jml;Satuan;Harga;Pot. %;Total;
1;781(1);781 (30 KG);;;;;130;BAL;376.250;0;48.912.500;
2;782-4;782-4 (30 KG);;;;;70;BAL;355.400;0;24.878.000;
3;788-3;788-3 (30 KG);;;;;70;BAL;327.500;0;22.925.000;
;;;;;; ;;;;;;
;;;;;;;270;;;;96.715.500;
Pot. :;0;;Pajak :;0;;Biaya :;0;;Total Akhir :;96.715.500;;
 ;;;;;;;;;;;;
BL-000001766-26;;27/07/2026;;NGY;SP0046;MARGO TANI;;;;;;
No.;Kd. Item;Nama Item;;;;;Jml;Satuan;Harga;Pot. %;Total;
1;0000514-2;GABAH MERAH 25 KG;;;;;20;@25 Kg;257.500;0;5.150.000;
2;0000514-1;GABAH MERAH 50 KG;;;;;10;BAL;515.000;0;5.150.000;
3;0000511-2;JAGUNG PECAH 25 KG;;;;;99;@25 Kg;187.500;0;18.562.500;
4;0000511-1;JAGUNG PECAH 50 KG;;;;;110;BAL;375.000;0;41.250.000;
;;;;;; ;;;;;;
;;;;;;;239;;;;70.112.500;
Pot. :;0;;Pajak :;0;;Biaya :;0;;Total Akhir :;70.112.500;;
 ;;;;;;;;;;;;
BL-000001768-26;;27/07/2026;;NGY;SP0018;DUA SIGMA NUSANTARA, PT.;;;;;;
No.;Kd. Item;Nama Item;;;;;Jml;Satuan;Harga;Pot. %;Total;
1;PHOENIX KUTUT PLATINUM;PHOENIX KUTUT PLATINUM (13);;;;;50;DUS;221.000;0;11.050.000;
2;PHOENIX KUTUT GOLD;PHOENIX KUTUT GOLD (20);;;;;100;DUS;174.000;0;17.400.000;
3;KETAN GILING;PHOENIX KETAN HITAM (50);;;;;25;DUS;432.000;0;10.800.000;
4;VITAMIX LOVEBIRD (25);VITAMIX LOVEBIRD (25);;;;;25;DUS;166.250;0;4.156.250;
5;PHOENIX KUTUT GOLD;PHOENIX KUTUT GOLD (20);;;;;1;DUS;0;0;0;
;;;;;; ;;;;;;
;;;;;;;201;;;;43.406.250;
Pot. :;7.304.704;;Pajak :;0;;Biaya :;0;;Total Akhir :;36.101.546;;
 ;;;;;;;;;;;;
BL-000001770-26;;27/07/2026;;NGY;SP0542;CV JEVIN;;;;;;
No.;Kd. Item;Nama Item;;;;;Jml;Satuan;Harga;Pot. %;Total;
1;781(1);781 (30 KG);;;;;120;BAL;376.250;0;45.150.000;
2;T-78-3A;T-78-3A (30 KG);;;;;150;BAL;258.600;0;38.790.000;
;;;;;; ;;;;;;
;;;;;;;270;;;;83.940.000;
Pot. :;0;;Pajak :;0;;Biaya :;0;;Total Akhir :;83.940.000;;
 ;;;;;;;;;;;;
BL-000001775-26;;28/07/2026;;NGY;SP0072;PT CITRA INA FEEDMILL;;;;;;
No.;Kd. Item;Nama Item;;;;;Jml;Satuan;Harga;Pot. %;Total;
1;RABBIT GUYOFEED;VITAL RABBIT CITRA FEED 25 KG;;;;;160;SAK;181.250;0;29.000.000;
;;;;;; ;;;;;;
;;;;;;;160;;;;29.000.000;
Pot. :;0;;Pajak :;0;;Biaya :;0;;Total Akhir :;29.000.000;;
 ;;;;;;;;;;;;
BL-000001776-26;;28/07/2026;;NGY;SP0487;PT PERFECT COMPANION INDONESIA;;;;;;
No.;Kd. Item;Nama Item;;;;;Jml;Satuan;Harga;Pot. %;Total;
1;MEO KLG 400GR - SEAFOOD;MEO KLG 400GR - SEAFOOD;;;;;50;DUS;425.013;0;21.250.650;
2;MEO KLG 400GR - TUNA;MEO KLG 400GR - TUNA;;;;;150;DUS;425.013;0;63.751.950;
;;;;;; ;;;;;;
;;;;;;;200;;;;85.002.600;
Pot. :;10.030.307;;Pajak :;8.246.952;;Biaya :;0;;Total Akhir :;83.219.245;;
 ;;;;;;;;;;;;
BL-000001777-26;;28/07/2026;;NGY;SP0141;TRIO HASIM UTAMA, CV;;;;;;
No.;Kd. Item;Nama Item;;;;;Jml;Satuan;Harga;Pot. %;Total;
1;LEOPARD MADU HALUS (50);LEOPARD MADU HALUS (50);;;;;300;DUS;325.000;0;97.500.000;
2;LEOPARD MADU CRUMBLE (50);LEOPARD MADU CRUMBLE (50);;;;;50;DUS;325.000;0;16.250.000;
3;LEOPARD HIJAU HALUS (50);LEOPARD HIJAU HALUS (50);;;;;100;DUS;325.000;0;32.500.000;
4;LEOPARD HIJAU CRUMBLE (50);LEOPARD HIJAU CRUMBLE (50);;;;;50;DUS;325.000;0;16.250.000;
5;S0131MPRUSHH;MILANO PREMIUM RUSHH (PROMO);;;;;1;DUS;0;0;0;
;;;;;; ;;;;;;
;;;;;;;501;;;;162.500.000;
Pot. :;0;;Pajak :;0;;Biaya :;0;;Total Akhir :;162.500.000;;
 ;;;;;;;;;;;;
BL-000001780-26;;28/07/2026;;NGY;SP0029;RAMA SINDO MULYA, CV;;;;;;
No.;Kd. Item;Nama Item;;;;;Jml;Satuan;Harga;Pot. %;Total;
1;000032-1;512 BRAVO (50 KG);;;;;60;BAL;477.500;0;28.650.000;
;;;;;; ;;;;;;
;;;;;;;60;;;;28.650.000;
Pot. :;0;;Pajak :;0;;Biaya :;0;;Total Akhir :;28.650.000;;
 ;;;;;;;;;;;;
BL-000001781-26;;28/07/2026;;NGY;SP0150;DELAPAN PENJURU SAKTI, PT.;;;;;;
No.;Kd. Item;Nama Item;;;;;Jml;Satuan;Harga;Pot. %;Total;
1;460;BR11 CP (50 KG);;;;;80;BAL;481.250;0;38.500.000;
2;461;BR12 CP (50 KG);;;;;40;BAL;478.750;0;19.150.000;
;;;;;; ;;;;;;
;;;;;;;120;;;;57.650.000;
Pot. :;0;;Pajak :;0;;Biaya :;0;;Total Akhir :;57.650.000;;
 ;;;;;;;;;;;;
BL-000001783-26;;28/07/2026;;NGY;SP0542;CV JEVIN;;;;;;
No.;Kd. Item;Nama Item;;;;;Jml;Satuan;Harga;Pot. %;Total;
1;781-1(1);781-1 (20 KG);;;;;60;SAK;271.900;0;16.314.000;
2;781-2(1);781-2 (30 KG);;;;;50;BAL;382.500;0;19.125.000;
3;782-4;782-4 (30 KG);;;;;40;BAL;355.400;0;14.216.000;
4;EKO-2-1;EKO-2 (30 KG);;;;;50;BAL;180.000;0;9.000.000;
5;EKO-4-1;EKO-4 (30 KG);;;;;50;BAL;176.000;0;8.800.000;
6;T-78-3A;T-78-3A (30 KG);;;;;40;BAL;258.600;0;10.344.000;
;;;;;; ;;;;;;
;;;;;;;290;;;;77.799.000;
Pot. :;0;;Pajak :;0;;Biaya :;0;;Total Akhir :;77.799.000;;
 ;;;;;;;;;;;;
BL-000001782-26;;29/07/2026;;NGY;SP0046;MARGO TANI;;;;;;
No.;Kd. Item;Nama Item;;;;;Jml;Satuan;Harga;Pot. %;Total;
1;0000514-2;GABAH MERAH 25 KG;;;;;20;@25 Kg;257.500;0;5.150.000;
2;0000514-1;GABAH MERAH 50 KG;;;;;10;BAL;515.000;0;5.150.000;
3;0000529-1;JAGUNG MENIR 25 KG;;;;;60;SAK;240.000;0;14.400.000;
4;0000511-2;JAGUNG PECAH 25 KG;;;;;70;@25 Kg;187.500;0;13.125.000;
5;0000511-1;JAGUNG PECAH 50 KG;;;;;95;BAL;375.000;0;35.625.000;
;;;;;; ;;;;;;
;;;;;;;255;;;;73.450.000;
Pot. :;0;;Pajak :;0;;Biaya :;0;;Total Akhir :;73.450.000;;
 ;;;;;;;;;;;;
BL-000001785-26;;29/07/2026;;NGY;SP0058;MITRA UTAMA;;;;;;
No.;Kd. Item;Nama Item;;;;;Jml;Satuan;Harga;Pot. %;Total;
1;537;KATUL SUPER 50 KG;;;;;80;BAL;125.000;0;10.000.000;
2;0000537-1;KATUL KW 50 KG;;;;;120;BAL;105.000;0;12.600.000;
;;;;;; ;;;;;;
;;;;;;;200;;;;22.600.000;
Pot. :;0;;Pajak :;0;;Biaya :;0;;Total Akhir :;22.600.000;;
 ;;;;;;;;;;;;
BL-000001788-26;;29/07/2026;;NGY;SP0542;CV JEVIN;;;;;;
No.;Kd. Item;Nama Item;;;;;Jml;Satuan;Harga;Pot. %;Total;
1;788-3;788-3 (30 KG);;;;;50;BAL;327.500;0;16.375.000;
2;EKO-2-1;EKO-2 (30 KG);;;;;50;BAL;180.000;0;9.000.000;
3;EKO-3-1;EKO-3 (30 KG);;;;;120;BAL;177.000;0;21.240.000;
4;EKO-4-1;EKO-4 (30 KG);;;;;50;BAL;176.000;0;8.800.000;
;;;;;; ;;;;;;
;;;;;;;270;;;;55.415.000;
Pot. :;0;;Pajak :;0;;Biaya :;0;;Total Akhir :;55.415.000;;
 ;;;;;;;;;;;;
BL-000001789-26;;29/07/2026;;NGY;SP0542;CV JEVIN;;;;;;
No.;Kd. Item;Nama Item;;;;;Jml;Satuan;Harga;Pot. %;Total;
1;781(1);781 (30 KG);;;;;270;BAL;376.250;0;101.587.500;
;;;;;; ;;;;;;
;;;;;;;270;;;;101.587.500;
Pot. :;0;;Pajak :;0;;Biaya :;0;;Total Akhir :;101.587.500;;
 ;;;;;;;;;;;;
BL-000001791-26;;29/07/2026;;NGY;SP0541;CV CAHAYA TIMUR;;;;;;
No.;Kd. Item;Nama Item;;;;;Jml;Satuan;Harga;Pot. %;Total;
1;GENTA GT-1 (50 KG);GENTA GT-1 (50 KG);;;;;60;BAL;370.000;0;22.200.000;
2;468;GD-21 (50 KG);;;;;60;BAL;380.000;0;22.800.000;
3;000035-1;BR2 (50 KG);;;;;30;BAL;445.000;0;13.350.000;
4;BA SINTA;BA (50 KG);;;;;50;BAL;255.000;0;12.750.000;
;;;;;; ;;;;;;
;;;;;;;200;;;;71.100.000;
Pot. :;0;;Pajak :;0;;Biaya :;0;;Total Akhir :;71.100.000;;
 ;;;;;;;;;;;;
BL-000001794-26;;30/07/2026;;NGY;SP0541;CV CAHAYA TIMUR;;;;;;
No.;Kd. Item;Nama Item;;;;;Jml;Satuan;Harga;Pot. %;Total;
1;468;GD-21 (50 KG);;;;;150;BAL;380.000;0;57.000.000;
2;462;BR21E (50 KG);;;;;50;BAL;417.500;0;20.875.000;
;;;;;; ;;;;;;
;;;;;;;200;;;;77.875.000;
Pot. :;0;;Pajak :;0;;Biaya :;0;;Total Akhir :;77.875.000;;
 ;;;;;;;;;;;;
BL-000001797-26;;30/07/2026;;NGY;SP0533;PT NEW HOPE INDONESIA;;;;;;
No.;Kd. Item;Nama Item;;;;;Jml;Satuan;Harga;Pot. %;Total;
1;P100;PUYUH P100 (50 KG);;;;;20;BAL;392.500;0;7.850.000;
2;B12LCR-50K;B12 L CRUMBLE (50 KG);;;;;125;BAL;265.000;0;33.125.000;
3;P02 PELLET;P02 PELLET (50 KG);;;;;30;BAL;422.500;0;12.675.000;
4;NEW HOPE D93;NEW HOPE D93;;;;;5;SAK;410.000;0;2.050.000;
;;;;;; ;;;;;;
;;;;;;;180;;;;55.700.000;
Pot. :;0;;Pajak :;0;;Biaya :;0;;Total Akhir :;55.700.000;;
 ;;;;;;;;;;;;
BL-000001796-26;;31/07/2026;;NGY;SP0496;SURABAYA GRAIN, PT.;;;;;;
No.;Kd. Item;Nama Item;;;;;Jml;Satuan;Harga;Pot. %;Total;
1;0000519-5;MILET PUTIH VITA MULTIPET 25 KG;;;;;170;SAK;217.500;0;36.975.000;
;;;;;; ;;;;;;
;;;;;;;170;;;;36.975.000;
Pot. :;0;;Pajak :;0;;Biaya :;0;;Total Akhir :;36.975.000;;
 ;;;;;;;;;;;;
BL-000001824-26;;31/07/2026;;NGY;SP0236;PT CENTRAL WINDU SEJATI;;;;;;
No.;Kd. Item;Nama Item;;;;;Jml;Satuan;Harga;Pot. %;Total;
1;TF2(250)-MIX;TAKARI FISH-250 MIX 2 mm;;;;;10;DUS;193.648;0;1.936.480;
2;SKS1(100)-MIX;SAKURA FISH-100 MIX;;;;;100;DUS;183.192;0;18.319.200;
3;SKS1(100)-MIX;SAKURA FISH-100 MIX;;;;;1;DUS;183.192;0;183.192;
4;TF1(100);TAKARI FISH-100 MIX;;;;;50;DUS;197.568;0;9.878.400;
5;SANKOI 2 (S) (ISI 6);SANKOI 2 (S) (ISI 6);;;;;5;@6;344.960;0;1.724.800;
6;SANKOI 5 (M) (ISI 6);SANKOI 5 (M) (ISI 6);;;;;20;@6;328.533;0;6.570.660;
7;SANKOI 5 (M) (ISI 6);SANKOI 5 (M) (ISI 6);;;;;1;@6;328.533;0;328.533;
8;SANKOI GROWTH 5 MM;SANKOI GROWTH 5 MM;;;;;5;@6;295.568;0;1.477.840;
;;;;;; ;;;;;;
;;;;;;;192;;;;40.419.105;
Pot. :;0;;Pajak :;0;;Biaya :;43;;Total Akhir :;40.419.148;;
 ;;;;;;;;;;;;
BL-000001809-26;;31/07/2026;;NGY;SP0542;CV JEVIN;;;;;;
No.;Kd. Item;Nama Item;;;;;Jml;Satuan;Harga;Pot. %;Total;
1;781-1(1);781-1 (20 KG);;;;;60;SAK;271.900;0;16.314.000;
2;781-2(1);781-2 (30 KG);;;;;50;BAL;382.500;0;19.125.000;
3;782-4;782-4 (30 KG);;;;;50;BAL;355.400;0;17.770.000;
4;EKO-2-1;EKO-2 (30 KG);;;;;70;BAL;180.000;0;12.600.000;
5;EKO-4-1;EKO-4 (30 KG);;;;;60;BAL;176.000;0;10.560.000;
;;;;;; ;;;;;;
;;;;;;;290;;;;76.369.000;
Pot. :;0;;Pajak :;0;;Biaya :;0;;Total Akhir :;76.369.000;;
 ;;;;;;;;;;;;
BL-000001811-26;;31/07/2026;;NGY;SP0029;RAMA SINDO MULYA, CV;;;;;;
No.;Kd. Item;Nama Item;;;;;Jml;Satuan;Harga;Pot. %;Total;
1;000031-1;511 BRAVO (50 KG);;;;;180;BAL;480.000;0;86.400.000;
;;;;;; ;;;;;;
;;;;;;;180;;;;86.400.000;
Pot. :;0;;Pajak :;0;;Biaya :;0;;Total Akhir :;86.400.000;;
 ;;;;;;;;;;;;
 ;;;;;;;;;;;;
;;;;;;TOTAL KESELURUHAN :;;;Jumlah Item :;52.054;;
;;;;;;;;;Sub Total :;7.190.656.777;;
;;;;;;;;;Potongan :;74.224.076;;
;;;;;;;;;Pajak :;49.023.021;;
;;;;;;;;;Biaya Lain :;200.203;;
;;;;;;;;;Total Akhir :;7.165.655.925;;
16/09/2026 14:04;;REPORT;;;;;;;;;;01-Jan
