 ;;LAPORAN PEMBELIAN DETAIL;;;;;;PERIODE : 01/07/26 - 31/07/26;;;;
;;INSPIRASI MEDIA KREATIF;;;;;; - ;;;;
;;;;;;;; - ;;;;
;;JL. TUKAD BATANGHARI XI NO 2;;;;;;OL;;;;
;;0361-4783465;;;;;;;;;;
;;-;;;;;;;;;;
 ;;;;;;;;;;;;
No Transaksi;;Tanggal;;Dept.;Kode Supp.;Nama Supplier;;;;;;
 ;;;;;;;;;;;;
 ;;;;;;;;;;;;
BL-000001613-26;;06/07/2026;;OL;SP0487;PT PERFECT COMPANION INDONESIA;;;;;;
No.;Kd. Item;Nama Item;;;;;Jml;Satuan;Harga;Pot. %;Total;
1;CAT CHOIZE KITTEN SALMON 20KG;CAT CHOIZE KITTEN SALMON 20KG;;;;;275;SAK;482.517;0;132.692.175;
;;;;;; ;;;;;;
;;;;;;;275;;;;132.692.175;
Pot. :;18.019.597;;Pajak :;12.613.984;;Biaya :;0;;Total Akhir :;127.286.562;;
 ;;;;;;;;;;;;
BL-000001610-26;;07/07/2026;;OL;SP0072;PT CITRA INA FEEDMILL;;;;;;
No.;Kd. Item;Nama Item;;;;;Jml;Satuan;Harga;Pot. %;Total;
1;RABBIT GUYOFEED;VITAL RABBIT CITRA FEED 25 KG;;;;;160;SAK;181.250;0;29.000.000;
;;;;;; ;;;;;;
;;;;;;;160;;;;29.000.000;
Pot. :;0;;Pajak :;0;;Biaya :;0;;Total Akhir :;29.000.000;;
 ;;;;;;;;;;;;
BL-000001662-26;;13/07/2026;;OL;SP0541;CV CAHAYA TIMUR;;;;;;
No.;Kd. Item;Nama Item;;;;;Jml;Satuan;Harga;Pot. %;Total;
1;000035-1;BR2 (50 KG);;;;;20;BAL;435.000;0;8.700.000;
2;462;BR21E (50 KG);;;;;40;BAL;407.500;0;16.300.000;
3;468;GD-21 (50 KG);;;;;130;BAL;370.000;0;48.100.000;
4;472;PUYUH SP-22 (50 KG);;;;;10;BAL;370.000;0;3.700.000;
;;;;;; ;;;;;;
;;;;;;;200;;;;76.800.000;
Pot. :;0;;Pajak :;0;;Biaya :;0;;Total Akhir :;76.800.000;;
 ;;;;;;;;;;;;
BL-000001684-26;;15/07/2026;;OL;SP0484;KERTA MULYA SARIPAKAN, PT.;;;;;;
No.;Kd. Item;Nama Item;;;;;Jml;Satuan;Harga;Pot. %;Total;
1;310CR-50K;310 CR (50 KG);;;;;180;BAL;220.000;0;39.600.000;
;;;;;; ;;;;;;
;;;;;;;180;;;;39.600.000;
Pot. :;0;;Pajak :;0;;Biaya :;0;;Total Akhir :;39.600.000;;
 ;;;;;;;;;;;;
BL-000001702-26;;17/07/2026;;OL;SP0011;GOLD COIN, PT. (AYAM);;;;;;
No.;Kd. Item;Nama Item;;;;;Jml;Satuan;Harga;Pot. %;Total;
1;202P;202 P;;;;;400;BAL;447.500;0;179.000.000;
;;;;;; ;;;;;;
;;;;;;;400;;;;179.000.000;
Pot. :;0;;Pajak :;0;;Biaya :;0;;Total Akhir :;179.000.000;;
 ;;;;;;;;;;;;
BL-000001724-26;;21/07/2026;;OL;SP0542;CV JEVIN;;;;;;
No.;Kd. Item;Nama Item;;;;;Jml;Satuan;Harga;Pot. %;Total;
1;781-1(1);781-1 (20 KG);;;;;15;SAK;271.900;0;4.078.500;
2;781-2(1);781-2 (30 KG);;;;;60;BAL;382.500;0;22.950.000;
3;782-4;782-4 (30 KG);;;;;20;BAL;355.400;0;7.108.000;
4;EKO-2-1;EKO-2 (30 KG);;;;;10;BAL;180.000;0;1.800.000;
5;EKO-3-1;EKO-3 (30 KG);;;;;50;BAL;177.000;0;8.850.000;
6;EKO-4-1;EKO-4 (30 KG);;;;;20;BAL;176.000;0;3.520.000;
7;781(1);781 (30 KG);;;;;100;BAL;376.250;0;37.625.000;
;;;;;; ;;;;;;
;;;;;;;275;;;;85.931.500;
Pot. :;0;;Pajak :;0;;Biaya :;0;;Total Akhir :;85.931.500;;
 ;;;;;;;;;;;;
BL-000001799-26;;30/07/2026;;OL;SP0541;CV CAHAYA TIMUR;;;;;;
No.;Kd. Item;Nama Item;;;;;Jml;Satuan;Harga;Pot. %;Total;
1;462;BR21E (50 KG);;;;;50;BAL;417.500;0;20.875.000;
2;468;GD-21 (50 KG);;;;;50;BAL;380.000;0;19.000.000;
3;472;PUYUH SP-22 (50 KG);;;;;80;BAL;380.000;0;30.400.000;
;;;;;; ;;;;;;
;;;;;;;180;;;;70.275.000;
Pot. :;0;;Pajak :;0;;Biaya :;0;;Total Akhir :;70.275.000;;
 ;;;;;;;;;;;;
BL-000001819-26;;31/07/2026;;OL;SP0004;PT CITRA MANDIRI KENCANA;;;;;;
No.;Kd. Item;Nama Item;;;;;Jml;Satuan;Harga;Pot. %;Total;
1;BEAUTY CAT 20KG - CHICKEN & SALMON;BEAUTY CAT 20KG - CHICKEN & SALMON;;;;;100;SAK;678.829;0;67.882.900;
;;;;;; ;;;;;;
;;;;;;;100;;;;67.882.900;
Pot. :;16.787.449;;Pajak :;5.620.500;;Biaya :;0;;Total Akhir :;56.715.951;;
 ;;;;;;;;;;;;
BL-000001802-26;;31/07/2026;;OL;SP0448;PT PETASIA ERA NATURA;;;;;;
No.;Kd. Item;Nama Item;;;;;Jml;Satuan;Harga;Pot. %;Total;
1;MISTER PUSS SALMON 20KG;MISTER PUSS SALMON 20KG;;;;;30;SAK;343.500;0;10.305.000;
2;MISTER PUSS TUNA 20KG;MISTER PUSS TUNA 20KG;;;;;30;SAK;343.500;0;10.305.000;
3;MPKM10K;MISTER PUSS KITTEN MAMA 10KG;;;;;10;SAK;192.750;0;1.927.500;
;;;;;; ;;;;;;
;;;;;;;70;;;;22.537.500;
Pot. :;0;;Pajak :;2.479.125;;Biaya :;0;;Total Akhir :;25.016.625;;
 ;;;;;;;;;;;;
 ;;;;;;;;;;;;
;;;;;;TOTAL KESELURUHAN :;;;Jumlah Item :;1.840;;
;;;;;;;;;Sub Total :;703.719.075;;
;;;;;;;;;Potongan :;34.807.046;;
;;;;;;;;;Pajak :;20.713.609;;
;;;;;;;;;Biaya Lain :;0;;
;;;;;;;;;Total Akhir :;689.625.638;;
16/09/2026 14:05;;REPORT;;;;;;;;;;01-Jan
